city,application,address,zoning,totalUnits,singleFamily,multiFamily,totalUnitsNet,singleFamilyNet,multiFamilyNet,affordability,planningVote,planningApprove,councilVote,councilApprove,finalApproval,year,redesign,Notes,Sources,
Anaheim,DEV2010-00087,851 S Western Ave,0,32,32,0,32,32,0,0,2010-09-27,1,2011-01-11,1,,2011,0,,,
Anaheim,DEV2010-00085,6115 East Henning View Terrace,0,3,3,0,3,3,3,0,2011-02-28,1,,,,2011,0,Tree removal noted,,
Anaheim,DEV2010-00161,1781 South Campton Avenue,0,400,0,400,0,0,0,0,2011-03-14,1,2011-05-17,1,,2011,1,Downzone from 450 units,"A-Town Metro Lenar Project, ",
Anaheim,DEV2010-00190,830 North Lemon St,0,16,0,16,16,0,16,1,2011-04-11,1,,,,2011,0,Residential Care facility,,
Anaheim,DEV2010-00182,Santa Ana Canyon Rd & Gypsum Canyon Rd,0,56,56,0,56,56,0,0,2011-05-09,1,2011-06-07,1,,2011,0,Still unbuilt,,
Anaheim,DEV2010-00026A,407 South Anaheim Boulevard,0,52,0,52,52,0,52,1,2011-05-23,1,,,,2011,1,"Previously approved in 2010, but...this could be a discretionary step if winds did change.",,
Anaheim,DEV2010-00027A,518 South Anaheim Boulevard,0,36,0,36,36,0,36,1,2011-05-23,1,,,,2011,1,final building elevation and vehicular circulation plans for previously-approved 52 unit and 36 unit affordable condominium complex projects,,
Anaheim,DEV2011-00014,1658 West Orangewood Ave,0,1,0,1,1,0,1,0,2011-05-23,1,,,,2011,0,Addition to existing 3 unit,,
Anaheim,DEV2010-00179,3323 West Ball Road,0,25,25,0,25,25,0,0,2011-08-29,1,,,,2011,0,,,
Anaheim,DEV2011-00032,Kroeger St and Santa Ana St,0,226,0,226,226,0,226,1,2011-11-21,1,,,,2011,0,57 affordable units,,
Anaheim,DEV2010-00026A,407 South Anaheim Boulevard,0,60,0,60,8,0,8,1,2012-09-10,1,,,,2012,1,"Yes, scale up from last year's proposal",,
Anaheim,DEV2010-00027A,518 South Anaheim Boulevard,0,36,0,36,4,0,4,1,2012-09-10,1,,,,2012,1,"Yes, scale up from last year's proposal",,
Anaheim,DEV2012-00080,2100 E Orangewood Ave,0,395,0,395,395,0,395,0,2012-11-19,1,,,,2012,0,"Scale of existing proposal, but, like, not in the same way. Need Asya to look at these 3",,
Anaheim,DEV2012-00117,501 S West St,0,3,3,0,3,3,0,0,2012-12-03,1,,,,2012,0,"Subdivision for future dev, but that dev would be by right. So this counts",,
Anaheim,DEV2012-00060,905 E Kastella Ave,0,51,0,51,51,0,51,0,2012-12-03,1,2012-12-18,1,,2012,1,"Very unclear, just says increase of units",Think about what unit increase over approved means,If the proposal is shot down the proejct doesn't die.
Anaheim,DEV2012-00135,3083 W Ball Road,0,15,0,15,15,0,15,0,2013-06-17,1,,,,2013,0,,,
Anaheim,DEV2013-00065,860 S Peralta Hills Dr,0,1,1,0,1,1,0,0,2013-09-09,1,,,,2013,0,SFR taller than what's permitted,,
Anaheim,DEV2013-00014,830 N Lemon St,0,7,0,7,7,0,7,1,2013-04-08,1,2013-05-28,1,,2013,0,,,
Anaheim,DEV2013-00064,2243 S Loara St,0,1,1,0,1,1,0,0,2013-10-07,1,,,,2013,0,Rezone and subdivide. 2 lots SFR,,
Anaheim,DEV2011-00110,200 N Lemon St,0,220,0,220,220,0,220,0,2013-10-21,1,,,,2013,0,,,
Anaheim,DEV2013-00071,801 S Anaheim Blvd,0,42,0,42,42,0,42,0,2013-12-02,1,,,,2013,0,,,
Anaheim,DEV2013-00083,1531 E Lincoln Ave,0,76,0,76,76,0,76,0,2014-01-13,1,,,,2014,0,Condo project,,
Anaheim,DEV2014-00003,1771 S Brookhurst St,0,1,1,0,1,1,0,0,2014-02-10,1,,,,2014,0,Rezone commercial to SFR,,
Anaheim,DEV2011-00110,200 N Lemon St,0,220,0,220,220,0,220,0,2014-04-21,1,,,,2014,1,Follow up zoning change?,,
Anaheim,DEV2013-00056,1619 S Euclid St,0,8,8,0,8,8,0,0,2014-06-30,1,,,,2014,0,Rezoning ,,
Anaheim,DEV2014-00039,1256 E Lincoln Ave,0,70,0,70,70,0,70,1,2014-06-16,1,,,,2014,0,Consolidate 5 parcels for 1 parcel multifamily development that will conform to rezone,,
Anaheim,DEV2014-00014,1648 W Orangewood Ave,0,3,3,0,3,3,0,0,2014-06-16,1,,,,2014,0,T to RS-3,,
Anaheim,DEV2013-00015,1807 W Orange Ave,0,37,37,0,37,37,0,0,2014-07-28,1,,,,2014,0,,,
Anaheim,DEV2014-00027,441 S Peralata Hills Dr,0,2,2,0,1,1,0,0,2014-08-25,1,,,,2014,0,2 lot residential subdivision,,
Anaheim,DEV2014-00009,2651 W Lincoln Ave,0,41,0,41,41,0,41,0,2014-08-25,1,,,,2014,0,,,
Anaheim,DEV2014-00018,641 S Brookhurst St,0,40,40,0,40,40,0,0,2014-11-17,,,,,2014,0,,,
Anaheim,DEV2012-00060B,1005 E Katella Ave,0,39,0,39,39,0,39,0,2014-09-08,1,,,,2014,1,Old project but amended for more units,,
Anaheim,DEV2014-00078,1620 S Varna St,0,2,1,1,2,1,1,1,2014-10-06,1,,,,2014,0,Senior unit and SFR,,
Anaheim,DEV2014-00103,531 S West St,0,2,2,0,2,2,0,0,2014-11-03,1,,,,2014,1,Review elevations,,
Anaheim,DEV2014-00046,701 E Cypress St,0,38,38,0,38,38,0,0,2014-11-17,1,,,,2014,0,,,
Anaheim,DEV2014-00076,1665 S Brookhurst St,0,13,0,13,13,0,13,1,2014-12-15,1,,,,2014,0,Senior Living Facility,,
Anaheim,DEV2014-00033,2848 E South St,0,20,20,0,20,20,0,0,2015-03-23,1,2015-04-21,1,,2015,0,Small lot SFR,,
Anaheim,DEV2015-00003,1731 W Medical Center Dr,0,58,0,58,58,0,58,1,2015-08-10,1,,,,2015,0,Expansion to senior apt bldg,,
Anaheim,DEV2013-00034A,1404 E Katella Ave,0,1573,0,1573,1573,0,1573,0,2015-09-09,1,,,,2015,1,"Change plan from 2681 to 1400-1746 units. Avg 1573. Diff is -1,108",,
Anaheim,DEV2015-00082,942 N Claudia St,0,1,1,0,1,1,0,0,2015-09-21,1,,,,2015,0,Weird split vote,,
Anaheim,DEV2015-00057,1609 West Cerritos Ave,0,11,11,0,11,11,0,0,2015-12-14,1,2016-02-23,1,,2016,0,"Starts as 12, cut to 11 in CC",,
Anaheim,DEV2015-00086,2365 W Moro Place,0,2,2,0,1,1,0,0,2016-10-19,1,,,,2016,0,Redraw lines to create 2 SFR,,
Anaheim,DEV2011-00125,3370 E Miraloma Ave,1,1448,0,1448,1448,0,1448,0,2015-10-19,1,2016-01-26,1,,2016,0," 2607 units over 3 bg, Split 5-3-1, Anaheim Canyon",,
Anaheim,DEV2011-00125,4633 E La Palma Ave,1,869,0,869,869,0,869,0,2015-10-20,1,2016-01-27,1,,2016,0," 2608 units over 3 bg, Split 5-3-1, Anaheim Canyon",,
Anaheim,DEV2011-00125,950 N Tustin Ave,1,290,0,290,290,0,290,0,2015-10-21,1,2016-01-28,1,,2016,0," 2609 units over 3 bg, Split 5-3-1, Anaheim Canyon",,
Anaheim,DEV2015-00043,105 E Leatrice Lane,0,3,0,3,3,0,3,0,2015-12-14,1,,,,2015,0,,,
Anaheim,DEV2015-00041,E Riverdale Ave,0,75,75,0,75,75,0,0,2015-11-16,1,2016-01-12,1,,2016,0,,,
Anaheim,DEV2014-00095,1110 N Anaheim Blvd,0,162,0,162,162,0,162,0,2015-12-14,1,2016-02-09,1,,2016,0,,,
Anaheim,DEV2015-00071,2337 S Manchester Ave,0,120,0,120,120,0,120,0,2016-01-25,1,,,,2016,0,Attached SFR,,
Anaheim,DEV2015-00002,420 N Magnolia Ave,0,25,25,0,25,25,0,0,2016-01-25,1,,,,2016,0,,,
Anaheim,DEV2015-00078,1800 E Gene Autry Way,0,1079,0,1079,1079,0,1079,0,2016-05-16,1,2016-06-14,1,,2016,1,"PlatT, Jefferson Park Stadium",,
Anaheim,DEV2015-00101,415 S Anaheim Hills Rd,0,60,0,60,60,0,60,0,2016-06-13,1,2016-07-12,1,,2016,0,,,
Anaheim,DEV2015-00024,2040 S State College Blvd,0,405,0,405,405,0,405,0,2016-09-27,1,2016-10-18,1,,2016,1,LTG Platinum Center,,
Anaheim,DEV2016-00048,807 S Dale Ave,0,2,2,0,2,2,0,0,2016-09-19,1,,,,2016,0,Property Subdivide,,
Anaheim,DEV2016-00048,123 N Rio Vista St,0,2,2,0,2,2,0,0,2016-09-19,1,,,,2016,0,Property Subdivide,,
Anaheim,DEV2015-00127,2301 W Lincoln Ave,0,48,0,48,48,0,48,0,2016-11-07,1,,,,2016,0,,,
Anaheim,DEV2013-00028A,2726 W Lincoln Ave,0,35,0,35,35,0,35,1,2016-10-17,0,2017-02-28,,,2017,0,,,
Anaheim,DEV2014-00130,5055 E Short St,0,4,4,0,4,4,0,0,2016-11-28,1,,,,2016,0,,,
Anaheim,DEV2016-00027,1525 S Euclid St,0,18,0,18,18,0,18,0,2016-12-12,1,,,,2016,0,,,
Anaheim,DEV2014-00124,1700 S Lewis St,0,153,0,153,153,0,153,0,2017-01-09,1,2017-02-07,1,,2017,1,"PlatT, Trumark Homes",,
Anaheim,DEV2016-00136,2726 W Lincoln Ave,0,34,0,34,34,0,34,0,2017-01-23,1,,,,2017,0,,,
Anaheim,DEV2017-00004,1248 E Lincoln Ave,0,54,0,54,54,0,54,1,2017-05-15,1,,,,2017,0,,,
Anaheim,DEV2016-00043,3315 W Lincoln Ave,0,22,0,22,22,0,22,0,2017-04-03,1,,,,2017,0,,,
Anaheim,DEV2016-00100,2730 W Ball Rd,0,41,0,41,41,0,41,0,2017-07-10,1,,,,2017,0,Uses the term affordable but not mentioned in the development,,
Anaheim,DEV2016-00138,633 S East St,0,42,0,42,42,0,42,0,2017-08-07,1,2017-10-17,1,,2017,0,,,
Anaheim,DEV2017-00048,645 S Magnolia Ave,0,3,3,0,3,3,0,0,2017-10-16,1,,,,2017,0,Rezone and subdivide,,
Anaheim,DEV2016-00042,312 S Euclid St,0,39,27,12,39,27,12,0,2017-11-13,1,2017-12-19,1,,2017,0,Both attached and detached SFR,,
Anaheim,DEV2016-00088,901 E South St,0,546,72,474,546,72,474,0,2017-11-29,1,,,,2017,0,Both attached and detached SFR,,
Anaheim,DEV2017-00031,1041 N PacifiCenter Dr,0,406,0,406,406,0,406,0,2018-03-05,1,,,,2018,0,,,
Anaheim,DEV2016-00062,350 W Center Street Promenade,0,57,0,57,57,0,57,0,2018-08-20,1,,,,2018,0,Resolution No. PC2018-041,,
Anaheim,DEV2017-00094,3534 W Savanna St,0,19,0,19,19,0,19,0,2018-10-15,1,2018-11-20,1,,2018,0,,,
Anaheim,DEV2015-00014,7983 Jackson Way,1,456,0,456,456,0,456,1,2018-10-29,1,2018-11-20,1,,2018,0,"3651 units split over 8 BGs, Beach Boulevard",,
Anaheim,DEV2015-00015,8708 Stanton Ave,1,456,0,456,456,0,456,1,2018-10-30,1,2018-11-21,1,,2018,0,"3652 units split over 8 BGs, Beach Boulevard",,
Anaheim,DEV2015-00016,225 N State College Blvd,1,456,0,456,456,0,456,1,2018-10-31,1,2018-11-22,1,,2018,0,"3653 units split over 8 BGs, Beach Boulevard",,
Anaheim,DEV2015-00017,207 S Laxore St,1,456,0,456,456,0,456,1,2018-11-01,1,2018-11-23,1,,2018,0,"3654 units split over 8 BGs, Beach Boulevard",,
Anaheim,DEV2015-00018,300 S Laxore St,1,456,0,456,456,0,456,1,2018-11-02,1,2018-11-24,1,,2018,0,"3655 units split over 8 BGs, Beach Boulevard",,
Anaheim,DEV2015-00019,3055 W Orange Ave,1,456,0,456,456,0,456,1,2018-11-03,1,2018-11-25,1,,2018,0,"3656 units split over 8 BGs, Beach Boulevard",,
Anaheim,DEV2015-00020,601 S Gaymont St,1,456,0,456,456,0,456,1,2018-11-04,1,2018-11-26,1,,2018,0,"3657 units split over 8 BGs, Beach Boulevard",,
Anaheim,DEV2015-00021,2801 W Lynrose Dr,1,456,0,456,456,0,456,1,2018-11-05,1,2018-11-27,1,,2018,0,"3658 units split over 8 BGs, Beach Boulevard",,
Anaheim,3517303,700 E SYCAMORE ST,1,5,0,5,5,0,5,0,,,,,,2013,0,by right change,,
Anaheim,3517304,704 E SYCAMORE ST,1,3,0,3,3,0,3,0,,,,,,2013,0,by right change,,
Anaheim,3517306,709 E ADELE ST,1,3,0,3,3,0,3,0,,,,,,2013,0,by right change,,
Anaheim,3517307,709 E ADELE ST,1,3,0,3,3,0,3,0,,,,,,2013,0,by right change,,
Anaheim,3517308,701 E ADELE ST,1,5,0,5,5,0,5,0,,,,,,2013,0,by right change,,
Anaheim,3517313,708 E SYCAMORE ST,1,3,0,3,3,0,3,0,,,,,,2013,0,by right change,,
Anaheim,3517315,611 E ADELE ST,1,3,0,3,3,0,3,0,,,,,,2013,0,by right change,,
Anaheim,3517602,114 W ADELE ST,1,3,0,3,3,0,3,0,,,,,,2013,0,by right change,,
Anaheim,3517606,115 W ADELE ST,1,3,0,3,3,0,3,0,,,,,,2013,0,by right change,,
Anaheim,3517610,116 W ADELE ST,1,23,0,23,23,0,23,0,,,,,,2013,0,by right change,,
Anaheim,3517614,117 W ADELE ST,1,3,0,3,3,0,3,0,,,,,,2013,0,by right change,,
Anaheim,3517603,118 W ADELE ST,1,1,1,0,1,1,0,0,,,,,,2013,0,by right change,,
Anaheim,3517615,119 W ADELE ST,1,3,0,3,3,0,3,0,,,,,,2013,0,by right change,,
Anaheim,3527022,1667 E LINCOLN AVE,1,19,0,19,19,0,19,0,,,,,,2013,0,by right change,,
Anaheim,3527023,1668 E LINCOLN AVE,1,7,0,7,7,0,7,0,,,,,,2013,0,by right change,,
Anaheim,3527025,1669 E LINCOLN AVE,1,9,0,9,9,0,9,0,,,,,,2013,0,by right change,,
Anaheim,3527026,1670 E LINCOLN AVE,1,14,0,14,14,0,14,0,,,,,,2013,0,by right change,,
Anaheim,3527028,1671 E LINCOLN AVE,1,18,0,18,18,0,18,0,,,,,,2013,0,by right change,,
Anaheim,3527029,1672 E LINCOLN AVE,1,16,0,16,16,0,16,0,,,,,,2013,0,by right change,,
Anaheim,3620309,327 S LEMON ST,1,3,0,3,3,0,3,0,,,,,,2013,0,by right change,,
Anaheim,3620608,420 S CLEMENTINE ST,1,7,0,7,7,0,7,0,,,,,,2013,0,by right change,,
Anaheim,3620627,431 S LEMON ST,1,7,0,7,7,0,7,0,,,,,,2013,0,by right change,,
Anaheim,3621015,507 S LEMON ST,1,10,0,10,10,0,10,0,,,,,,2013,0,by right change,,
Anaheim,3702114,129 W ELM ST,1,3,0,3,3,0,3,0,,,,,,2013,0,by right change,,
Anaheim,3702119,326 S LEMON ST,1,3,0,3,3,0,3,0,,,,,,2013,0,by right change,,
Anaheim,3702123,118 W BROADWAY,1,36,0,36,36,0,36,0,,,,,,2013,0,by right change,,
Anaheim,3702201,180 W ELM ST,1,21,0,21,21,0,21,0,,,,,,2013,0,by right change,,
Anaheim,3702202,130 W ELM ST,1,10,0,10,10,0,10,0,,,,,,2013,0,by right change,,
Anaheim,3702203,124 W ELM ST,1,10,0,10,10,0,10,0,,,,,,2013,0,by right change,,
Anaheim,3702212,145 W SANTA ANA ST,1,139,0,139,139,0,139,0,,,,,,2013,0,by right change,,
Anaheim,3702301,302 S ANAHEIM BLVD,1,12,0,12,12,0,12,0,,,,,,2013,0,by right change,,
Anaheim,3702302,108 E BROADWAY,1,12,0,12,12,0,12,0,,,,,,2013,0,by right change,,
Anaheim,3702303,112 E BROADWAY,1,12,0,12,12,0,12,0,,,,,,2013,0,by right change,,
Anaheim,3702304,120 E BROADWAY,1,24,0,24,24,0,24,0,,,,,,2013,0,by right change,,
Anaheim,3702411,275 E SANTA ANA ST,1,18,0,18,18,0,18,0,,,,,,2013,0,by right change,,
Anaheim,3708101,800 S ANAHEIM BLVD,1,7,0,7,7,0,7,0,,,,,,2013,0,by right change,,
Anaheim,3709105,874 S ANAHEIM BLVD,1,3,0,3,3,0,3,0,,,,,,2013,0,by right change,,
Anaheim,3709109,890 S ANAHEIM BLVD,1,3,0,3,3,0,3,0,,,,,,2013,0,by right change,,
Anaheim,3709125,896 S ANAHEIM BLVD,1,5,0,5,5,0,5,0,,,,,,2013,0,by right change,,
Anaheim,3709127,870 S ANAHEIM BLVD,1,3,0,3,3,0,3,0,,,,,,2013,0,by right change,,
Anaheim,3711129,424 S PHILADELPHIA ST,1,12,0,12,12,0,12,0,,,,,,2013,0,by right change,,
Anaheim,3711130,423 S OLIVE ST,1,5,0,5,5,0,5,0,,,,,,2013,0,by right change,,
Anaheim,3711425,426 S Atchison St,1,3,0,3,3,0,3,0,,,,,,2013,0,by right change,,
Anaheim,3711428,425 S Atchison St,1,3,0,3,3,0,3,0,,,,,,2013,0,by right change,,
Anaheim,3711435,366 S Atchison St,1,3,0,3,3,0,3,0,,,,,,2013,0,by right change,,
Anaheim,3711437,414 S Atchison St,1,7,0,7,7,0,7,0,,,,,,2013,0,by right change,,
Anaheim,3711438,424 S ATCHISON ST,1,54,0,54,54,0,54,0,,,,,,2013,0,by right change,,
Anaheim,3711439,425 S ATCHISON ST,1,32,0,32,32,0,32,0,,,,,,2013,0,by right change,,
Anaheim,3713015,933 E SOUTH ST,1,83,0,83,83,0,83,0,,,,,,2013,0,by right change,,
Anaheim,3713017,621 S EAST ST,1,18,0,18,18,0,18,0,,,,,,2013,0,by right change,,
Anaheim,3713021,707 S EAST ST,1,32,0,32,32,0,32,0,,,,,,2013,0,by right change,,
Anaheim,3713025,1017 E SOUTH ST,1,5,0,5,5,0,5,0,,,,,,2013,0,by right change,,
Anaheim,3713026,1027 E SOUTH ST,1,7,0,7,7,0,7,0,,,,,,2013,0,by right change,,
Anaheim,3713027,727 S EAST ST,1,9,0,9,9,0,9,0,,,,,,2013,0,by right change,,
Anaheim,3713028,601 S EAST ST,1,14,0,14,14,0,14,0,,,,,,2013,0,by right change,,
Anaheim,3713028,601 S EAST ST,1,43,0,43,43,0,43,0,,,,,,2013,0,by right change,,
Anaheim,3713029,801 E SOUTH ST,1,75,0,75,75,0,75,0,,,,,,2013,0,by right change,,
Anaheim,3713029,801 E SOUTH ST,1,216,0,216,216,0,216,0,,,,,,2013,0,by right change,,
Anaheim,3716110,424 S ATCHISON ST,1,21,0,21,21,0,21,0,,,,,,2013,0,by right change,,
Anaheim,3716109,800 E Broadway,1,3,0,3,3,0,3,0,,,,,,2013,0,by right change,,
Anaheim,3716111,424 S ATCHISON ST,1,21,0,21,21,0,21,0,,,,,,2013,0,by right change,,
Anaheim,3716112,704 E BROADWAY,1,14,0,14,14,0,14,0,,,,,,2013,0,by right change,,
Anaheim,3716114,365 S Atchison St,1,10,0,10,10,0,10,0,,,,,,2013,0,by right change,,
Anaheim,3716116,424 S ATCHISON ST,1,21,0,21,21,0,21,0,,,,,,2013,0,by right change,,
Anaheim,3716117,424 S ATCHISON ST,1,14,0,14,14,0,14,0,,,,,,2013,0,by right change,,
Anaheim,3723002,707 E VERMONT AVE,1,151,0,151,151,0,151,0,,,,,,2013,0,by right change,,
Anaheim,3727108,555 S ROSE ST,1,14,0,14,14,0,14,0,,,,,,2013,0,by right change,,
Anaheim,3727111,553 S ROSE ST,1,7,0,7,7,0,7,0,,,,,,2013,0,by right change,,
Anaheim,3727117,501 S ROSE ST,1,5,0,5,5,0,5,0,,,,,,2013,0,by right change,,
Anaheim,3727123,515 S ROSE ST,1,16,0,16,16,0,16,0,,,,,,2013,0,by right change,,
Anaheim,3727124,500 S MOTIF ST,1,61,0,61,61,0,61,0,,,,,,2013,0,by right change,,
Anaheim,3727124,500 S MOTIF ST,1,252,0,252,252,0,252,0,,,,,,2013,0,by right change,,
Anaheim,3727125,543 S ROSE ST,1,14,0,14,14,0,14,0,,,,,,2013,0,by right change,,
Anaheim,3727127,533 S ROSE ST,1,10,0,10,10,0,10,0,,,,,,2013,0,by right change,,
Anaheim,3727222,500 S ROSE ST,1,7,0,7,7,0,7,0,,,,,,2013,0,by right change,,
Anaheim,3727223,510 S ROSE ST,1,7,0,7,7,0,7,0,,,,,,2013,0,by right change,,
Anaheim,3727225,540 S ROSE ST,1,18,0,18,18,0,18,0,,,,,,2013,0,by right change,,
Anaheim,3727225,540 S ROSE ST,1,1,1,0,1,1,0,0,,,,,,2013,0,by right change,,
Anaheim,3727226,554 S ROSE ST,1,21,0,21,21,0,21,0,,,,,,2013,0,by right change,,
Anaheim,3727227,534 S ROSE ST,1,7,0,7,7,0,7,0,,,,,,2013,0,by right change,,
Anaheim,3727230,518 S ROSE ST,1,14,0,14,14,0,14,0,,,,,,2013,0,by right change,,
Anaheim,7016106,109 N MAGNOLIA AVE,1,9,0,9,9,0,9,0,,,,,,2013,0,by right change,,
Anaheim,7016107,2601 W LINCOLN AVE,1,7,0,7,7,0,7,0,,,,,,2013,0,by right change,,
Anaheim,7016111,2607 W LINCOLN AVE,1,7,0,7,7,0,7,0,,,,,,2013,0,by right change,,
Anaheim,7016112,2621 W LINCOLN AVE,1,7,0,7,7,0,7,0,,,,,,2013,0,by right change,,
Anaheim,7016113,2625 W LINCOLN AVE,1,16,0,16,16,0,16,0,,,,,,2013,0,by right change,,
Anaheim,7256125,304 N CRESCENT WAY,1,23,0,23,23,0,23,0,,,,,,2013,0,by right change,,
Anaheim,7259101,305 N CRESCENT WAY,1,37,0,37,37,0,37,0,,,,,,2013,0,by right change,,
Anaheim,7259126,241 N CRESCENT WAY,1,23,0,23,23,0,23,0,,,,,,2013,0,by right change,,
Anaheim,7259134,223 N CRESCENT WAY,1,43,0,43,43,0,43,0,,,,,,2013,0,by right change,,
Anaheim,7261101,501 N CRESCENT WAY,1,253,0,253,253,0,253,0,,,,,,2013,0,by right change,,
Anaheim,8217049,498 W Midway Dr,1,22,0,22,22,0,22,0,,,,,,2013,0,by right change,,
Anaheim,8218501,110 W MIDWAY DR,1,3,0,3,3,0,3,0,,,,,,2013,0,by right change,,
Anaheim,8218526,1429 S Clementine St,1,3,0,3,3,0,3,0,,,,,,2013,0,by right change,,
Anaheim,8218527,1429 S Clementine St,1,3,0,3,3,0,3,0,,,,,,2013,0,by right change,,
Anaheim,8218528,200 W MIDWAY DR,1,3,0,3,3,0,3,0,,,,,,2013,0,by right change,,
Anaheim,8218529,253 W Midway Dr,1,3,0,3,3,0,3,0,,,,,,2013,0,by right change,,
Anaheim,8218530,235 W Midway Dr,1,3,0,3,3,0,3,0,,,,,,2013,0,by right change,,
Anaheim,8218531,1401 S Lemon St,1,3,0,3,3,0,3,0,,,,,,2013,0,by right change,,
Anaheim,8218535,1498 S Lemon St,1,3,0,3,3,0,3,0,,,,,,2013,0,by right change,,
Anaheim,8218539,237 W Midway Dr,1,3,0,3,3,0,3,0,,,,,,2013,0,by right change,,
Anaheim,8218540,237 W Midway Dr,1,3,0,3,3,0,3,0,,,,,,2013,0,by right change,,
Anaheim,8218541,237 W Midway Dr,1,3,0,3,3,0,3,0,,,,,,2013,0,by right change,,
Anaheim,8218547,1445 S ANAHEIM BLVD,1,10,0,10,10,0,10,0,,,,,,2013,0,by right change,,
Anaheim,8218549,250 W MIDWAY DR,1,14,0,14,14,0,14,0,,,,,,2013,0,by right change,,
Anaheim,8218551,237 W Midway Dr,1,14,0,14,14,0,14,0,,,,,,2013,0,by right change,,
Anaheim,8218552,1455 S ANAHEIM BLVD,1,7,0,7,7,0,7,0,,,,,,2013,0,by right change,,
Anaheim,8218553,1441 S ANAHEIM BLVD,1,43,0,43,43,0,43,0,,,,,,2013,0,by right change,,
Anaheim,8218558,200 W MIDWAY DR,1,151,0,151,151,0,151,0,,,,,,2013,0,by right change,,
Anaheim,8373116,2450 E LINCOLN AVE,1,28,0,28,28,0,28,0,,,,,,2013,0,by right change,,
Anaheim,8373117,2418 E LINCOLN AVE,1,111,0,111,111,0,111,0,,,,,,2013,0,by right change,,
Anaheim,12602217,2730 E LINCOLN AVE,1,7,0,7,7,0,7,0,,,,,,2013,0,by right change,,
Anaheim,12602218,2728 W LINCOLN AVE,1,39,0,39,39,0,39,0,,,,,,2013,0,by right change,,
Anaheim,12603226,2630 W LINCOLN AVE,1,64,0,64,64,0,64,0,,,,,,2013,0,by right change,,
Anaheim,12631010,2728 W BALL RD,1,64,0,64,64,0,64,0,,,,,,2013,0,by right change,,
Anaheim,12660204,212 S BEACH BLVD,1,32,0,32,32,0,32,0,,,,,,2013,0,by right change,,
Anaheim,12723134,631 S BROOKHURST ST,1,25,0,25,25,0,25,0,,,,,,2013,0,by right change,,
Anaheim,12723135,632 S BROOKHURST ST,1,28,0,28,28,0,28,0,,,,,,2013,0,by right change,,
Anaheim,12723156,605 S BROOKHURST ST,1,10,0,10,10,0,10,0,,,,,,2013,0,by right change,,
Anaheim,12723159,619 S BROOKHURST ST,1,10,0,10,10,0,10,0,,,,,,2013,0,by right change,,
Anaheim,12723160,611 S BROOKHURST ST,1,19,0,19,19,0,19,0,,,,,,2013,0,by right change,,
Anaheim,12723161,619 S Brookhurst St,1,5,0,5,5,0,5,0,,,,,,2013,0,by right change,,
Anaheim,12723162,623 S BROOKHURST ST,1,10,0,10,10,0,10,0,,,,,,2013,0,by right change,,
Anaheim,12724132,711 S BROOKHURST ST,1,30,0,30,30,0,30,0,,,,,,2013,0,by right change,,
Anaheim,12724167,711 S BROOKHURST ST,1,23,0,23,23,0,23,0,,,,,,2013,0,by right change,,
Anaheim,12724170,711 S BROOKHURST ST,1,9,0,9,9,0,9,0,,,,,,2013,0,by right change,,
Anaheim,12807103,1778 W LINCOLN AVE,1,14,0,14,14,0,14,0,,,,,,2013,0,by right change,,
Anaheim,12807105,1800 W LINCOLN AVE,1,16,0,16,16,0,16,0,,,,,,2013,0,by right change,,
Anaheim,12807138,1760 W LINCOLN AVE,1,18,0,18,18,0,18,0,,,,,,2013,0,by right change,,
Anaheim,12807142,1744 W LINCOLN AVE,1,10,0,10,10,0,10,0,,,,,,2013,0,by right change,,
Anaheim,12834116,2100 W BALL RD,1,3,0,3,3,0,3,0,,,,,,2013,0,by right change,,
Anaheim,12834152,2147 W BALL RD,1,3,0,3,3,0,3,0,,,,,,2013,0,by right change,,
Anaheim,12834161,2114 W BALL RD,1,118,0,118,118,0,118,0,,,,,,2013,0,by right change,,
Anaheim,13532130,3360 W LINCOLN AVE,1,118,0,118,118,0,118,0,,,,,,2013,0,by right change,,
Anaheim,13533118,130 S KNOTT AVE,1,100,0,100,100,0,100,0,,,,,,2013,0,by right change,,
Anaheim,23414102,950 S ANAHEIM BLVD,1,5,0,5,5,0,5,0,,,,,,2013,0,by right change,,
Anaheim,23414109,970 S ANAHEIM BLVD,1,5,0,5,5,0,5,0,,,,,,2013,0,by right change,,
Anaheim,23414110,954 S ANAHEIM BLVD,1,3,0,3,3,0,3,0,,,,,,2013,0,by right change,,
Anaheim,25107123,551 S ANAHEIM BLVD,1,7,0,7,7,0,7,0,,,,,,2013,0,by right change,,
Anaheim,25107124,549 S ANAHEIM BLVD,1,7,0,7,7,0,7,0,,,,,,2013,0,by right change,,
Anaheim,25108102,501 S OLIVE ST,1,12,0,12,12,0,12,0,,,,,,2013,0,by right change,,
Anaheim,25108102,501 S OLIVE ST,1,9,0,9,9,0,9,0,,,,,,2013,0,by right change,,
Anaheim,25108122,518 S CLAUDINA ST,1,36,0,36,36,0,36,0,,,,,,2013,0,by right change,,
Anaheim,25108123,512 S CLAUDINA ST,1,3,0,3,3,0,3,0,,,,,,2013,0,by right change,,
Anaheim,25108126,510 S CLAUDINA ST,1,46,0,46,46,0,46,0,,,,,,2013,0,by right change,,
Anaheim,25109213,701 S ANAHEIM BLVD,1,3,0,3,3,0,3,0,,,,,,2013,0,by right change,,
Anaheim,25109214,705 S ANAHEIM BLVD,1,3,0,3,3,0,3,0,,,,,,2013,0,by right change,,
Anaheim,25109215,709 S ANAHEIM BLVD,1,3,0,3,3,0,3,0,,,,,,2013,0,by right change,,
Anaheim,25109216,713 S ANAHEIM BLVD,1,3,0,3,3,0,3,0,,,,,,2013,0,by right change,,
Anaheim,25109217,717 S ANAHEIM BLVD,1,3,0,3,3,0,3,0,,,,,,2013,0,by right change,,
Anaheim,25109219,109 W SOUTH ST,1,1,1,0,1,1,0,0,,,,,,2013,0,by right change,,
Anaheim,25109220,725 S ANAHEIM BLVD,1,1,1,0,1,1,0,0,,,,,,2013,0,by right change,,
Anaheim,25110103,622 S ANAHEIM BLVD,1,3,0,3,3,0,3,0,,,,,,2013,0,by right change,,
Anaheim,25110104,626 S ANAHEIM BLVD,1,5,0,5,5,0,5,0,,,,,,2013,0,by right change,,
Anaheim,25110105,630 S ANAHEIM BLVD,1,1,1,0,1,1,0,0,,,,,,2013,0,by right change,,
Anaheim,25110106,702 S ANAHEIM BLVD,1,1,1,0,1,1,0,0,,,,,,2013,0,by right change,,
Anaheim,25110107,710 S ANAHEIM BLVD,1,5,0,5,5,0,5,0,,,,,,2013,0,by right change,,
Anaheim,25110108,722 S ANAHEIM BLVD,1,3,0,3,3,0,3,0,,,,,,2013,0,by right change,,
Anaheim,25110109,726 S ANAHEIM BLVD,1,1,1,0,1,1,0,0,,,,,,2013,0,by right change,,
Anaheim,34335160,1703 N BUBACH ST,1,46,0,46,46,0,46,0,,,,,,2013,0,by right change,,
Anaheim,26833106,2930 E FRONTERA ST,1,64,0,64,64,0,64,0,,,,,,2013,0,by right change,,
Anaheim,2683312,2930 E FRONTERA ST,1,28,0,28,28,0,28,0,,,,,,2013,0,by right change,,
Anaheim,13745122,2307 S MANCHESTER AVE,1,36,0,36,36,0,36,0,,,,,,2013,0,by right change,,
Anaheim,13745124,2323 S MANCHESTER AVE,1,18,0,18,18,0,18,0,,,,,,2013,0,by right change,,
Anaheim,13745125,2333 S MANCHESTER AVE,1,21,0,21,21,0,21,0,,,,,,2013,0,by right change,,
Anaheim,Platinum Tri 1,1331 E Katella Ave,1,26,0,26,26,0,26,0,,,,,,2012,1,platinum triangle change,,
Anaheim,Platinum Tri 2,2343 E Cerritos Ave,1,26,0,26,26,0,26,0,,,,,,2012,1,platinum triangle change,,
Anaheim,Platinum Tri 3,2121 S Towne Centre Pl,1,26,0,26,26,0,26,0,,,,,,2012,1,platinum triangle change,,
Anaheim,Platinum Tri 1,1331 E Katella Ave,1,13,0,13,13,0,13,0,,,,,,2014,1,platinum triangle change,,
Anaheim,Platinum Tri 2,2343 E Cerritos Ave,1,13,0,13,13,0,13,0,,,,,,2014,1,platinum triangle change,,
Anaheim,Platinum Tri 3,2121 S Towne Centre Pl,1,13,0,13,13,0,13,0,,,,,,2014,1,platinum triangle change,,