Country/Region,Primary Respo,nsibility,Details,,
Denmark,Local Municipa,lities,Municipalities,are respo,nsible for
,,,planning and,permitting,", aligning"
,,,with national r,enewable e,nergy goals.
,,,"(Naturstyrelsen,",Miljøminist,eriet 2015)
France,Shared (Regiona,l and Local),Regional authori,ties oversee,planning; lo-
,,,cal governments,manage pe,rmitting and
,,,address public,concerns.,(Nadaï and
,,,Labussière 2014,),
Germany,"Shared (Federal,","State, Local)",Federal governm,ent sets ta,rgets; states
,,,and local authori,ties handle,planning and
,,,"permitting, with",community,engagement.
,,,(Clean Energy W,ire 2025),
Italy,Regional Autho,rities,Regions designa,te suitable ar,eas and han-
,,,dle permitting u,nder nationa,l guidelines.
,,,(IEA Wind 2022,),
Spain,Shared (Region,al and Na-,Regional gover,nments man,age permit-
,tional),,ting; the nation,al governm,ent oversees
,,,projects of strate,gic importan,ce. (Reuters
,,,2025),,
United Kingdom,Shared (Nationa,l and Local),Local councils,approve m,ost projects;
,,,larger projects ar,e handled at,the national
,,,level. (NFU Ene,rgy 2022),
United States,Primarily Local,Governments,Local zoning la,ws govern,siting; how-
,,,"ever, state and fe",deral agenci,es may influ-
,,,ence through re,gulations an,d incentives.
,,,(Clean Air Task,Force 2024),
