GEO.id,Id
GEO.id2,Id2
GEO.display-label,Geography
HD01_VD01,Estimate; Total population in occupied housing units:
HD02_VD01,Margin of Error; Total population in occupied housing units:
HD01_VD02,Estimate; Owner occupied:
HD02_VD02,Margin of Error; Owner occupied:
HD01_VD03,Estimate; Owner occupied: - Moved in 2015 or later
HD02_VD03,Margin of Error; Owner occupied: - Moved in 2015 or later
HD01_VD04,Estimate; Owner occupied: - Moved in 2010 to 2014
HD02_VD04,Margin of Error; Owner occupied: - Moved in 2010 to 2014
HD01_VD05,Estimate; Owner occupied: - Moved in 2000 to 2009
HD02_VD05,Margin of Error; Owner occupied: - Moved in 2000 to 2009
HD01_VD06,Estimate; Owner occupied: - Moved in 1990 to 1999
HD02_VD06,Margin of Error; Owner occupied: - Moved in 1990 to 1999
HD01_VD07,Estimate; Owner occupied: - Moved in 1980 to 1989
HD02_VD07,Margin of Error; Owner occupied: - Moved in 1980 to 1989
HD01_VD08,Estimate; Owner occupied: - Moved in 1979 or earlier
HD02_VD08,Margin of Error; Owner occupied: - Moved in 1979 or earlier
HD01_VD09,Estimate; Renter occupied:
HD02_VD09,Margin of Error; Renter occupied:
HD01_VD10,Estimate; Renter occupied: - Moved in 2015 or later
HD02_VD10,Margin of Error; Renter occupied: - Moved in 2015 or later
HD01_VD11,Estimate; Renter occupied: - Moved in 2010 to 2014
HD02_VD11,Margin of Error; Renter occupied: - Moved in 2010 to 2014
HD01_VD12,Estimate; Renter occupied: - Moved in 2000 to 2009
HD02_VD12,Margin of Error; Renter occupied: - Moved in 2000 to 2009
HD01_VD13,Estimate; Renter occupied: - Moved in 1990 to 1999
HD02_VD13,Margin of Error; Renter occupied: - Moved in 1990 to 1999
HD01_VD14,Estimate; Renter occupied: - Moved in 1980 to 1989
HD02_VD14,Margin of Error; Renter occupied: - Moved in 1980 to 1989
HD01_VD15,Estimate; Renter occupied: - Moved in 1979 or earlier
HD02_VD15,Margin of Error; Renter occupied: - Moved in 1979 or earlier
